City_ID,City,Country,Date,Lat,Lng,Max Temp,Humidity,Cloudiness,Wind Speed
0,Lazaro Cardenas,MX,2021-02-25 02:10:08,17.9583,-102.2,74.93,76,0,4.34
1,Burnie,AU,2021-02-25 02:10:09,-41.0667,145.9167,55.99,88,100,13.0
2,Atuona,PF,2021-02-25 02:10:09,-9.8,-139.0333,79.5,73,3,11.92
3,Leh,IN,2021-02-25 02:07:08,34.1667,77.5833,12.29,74,95,5.12
4,Saint-Philippe,RE,2021-02-25 02:10:10,-21.3585,55.7679,77.0,57,0,9.22
5,New Norfolk,AU,2021-02-25 02:10:10,-42.7826,147.0587,55.99,72,100,5.01
6,Concordia,AR,2021-02-25 02:08:02,-31.393,-58.0209,68.0,81,0,4.0
7,Hervey Bay,AU,2021-02-25 02:05:40,-25.2986,152.8535,87.8,51,40,11.5
8,Camopi,GF,2021-02-25 02:10:11,3.1655,-52.3158,72.54,97,100,3.65
9,Busselton,AU,2021-02-25 02:10:11,-33.65,115.3333,73.99,64,10,1.99
10,Ilulissat,GL,2021-02-25 02:05:41,69.2167,-51.1,8.6,52,0,3.44
11,Norman Wells,CA,2021-02-25 02:10:11,65.282,-126.8329,-4.0,77,75,10.36
12,Rikitea,PF,2021-02-25 02:10:13,-23.1203,-134.9692,80.6,76,100,27.98
13,Haines Junction,CA,2021-02-25 02:10:13,60.7522,-137.5108,26.6,80,100,2.71
14,Deqing,CN,2021-02-25 02:10:13,30.5448,119.9599,64.99,68,98,2.08
15,Port Elizabeth,ZA,2021-02-25 02:10:13,-33.918,25.5701,66.2,100,90,4.61
16,Nikolskoye,RU,2021-02-25 02:10:14,59.7035,30.7861,37.4,93,90,11.18
17,Aklavik,CA,2021-02-25 02:10:14,68.2191,-135.0107,-27.4,68,12,5.75
18,Lata,PT,2021-02-25 02:10:14,40.1629,-8.3327,55.99,94,100,3.71
19,Smithers,CA,2021-02-25 02:10:15,54.7804,-127.1743,24.8,93,90,9.22
20,Butaritari,KI,2021-02-25 02:10:15,3.0707,172.7902,81.64,78,100,20.04
21,Hobart,AU,2021-02-25 02:10:15,-42.8794,147.3294,55.99,67,75,14.97
22,Barrow,US,2021-02-25 02:10:15,71.2906,-156.7887,-27.4,68,1,12.66
23,Talnakh,RU,2021-02-25 02:10:16,69.4865,88.3972,-32.1,81,46,4.92
24,Matamoros,MX,2021-02-25 02:10:16,25.5333,-103.25,80.6,12,75,7.02
25,Toamasina,MG,2021-02-25 02:10:17,-18.1667,49.3833,75.6,88,51,5.41
26,Manyana,BW,2021-02-25 02:10:17,-23.4,21.7167,65.64,93,63,7.4
27,Adre,TD,2021-02-25 02:10:17,13.4667,22.2,60.57,29,37,20.92
28,Hermanus,ZA,2021-02-25 02:10:18,-34.4187,19.2345,57.99,94,9,8.28
29,Klaksvik,FO,2021-02-25 02:10:18,62.2266,-6.589,44.6,100,75,10.36
30,Mataura,NZ,2021-02-25 02:10:18,-46.1927,168.8643,60.01,66,56,8.01
31,Tura,IN,2021-02-25 02:10:19,25.5198,90.2201,70.21,35,0,4.97
32,Qaanaaq,GL,2021-02-25 02:10:19,77.484,-69.3632,12.47,86,100,5.88
33,Sao Joao Da Barra,BR,2021-02-25 02:10:19,-21.6403,-41.0511,75.63,91,17,3.91
34,Jining,CN,2021-02-25 02:06:26,35.405,116.5814,35.2,99,100,9.78
35,Kodiak,US,2021-02-25 02:05:51,57.79,-152.4072,37.4,75,75,19.57
36,Paita,PE,2021-02-25 02:10:20,-5.0892,-81.1144,74.07,77,73,9.17
37,Thompson,CA,2021-02-25 02:08:39,55.7435,-97.8558,-5.8,77,40,2.28
38,Cape Town,ZA,2021-02-25 02:06:03,-33.9258,18.4232,66.99,68,0,11.5
39,Arraial Do Cabo,BR,2021-02-25 02:10:21,-22.9661,-42.0278,75.56,90,27,3.71
40,Husavik,IS,2021-02-25 02:10:21,66.0449,-17.3389,32.0,100,90,3.44
41,Naron,ES,2021-02-25 02:10:21,43.5167,-8.1528,50.0,100,100,8.05
42,Hasaki,JP,2021-02-25 02:09:23,35.7333,140.8333,46.0,31,40,8.05
43,Kerouane,GN,2021-02-25 02:10:22,9.2667,-9.0167,72.27,25,0,1.79
44,Manokwari,ID,2021-02-25 02:10:22,-0.8667,134.0833,82.78,73,65,2.24
45,Albany,US,2021-02-25 02:07:44,42.6001,-73.9662,45.0,43,100,10.13
46,Nishihara,JP,2021-02-25 02:10:23,26.1842,127.7558,75.2,56,40,17.27
47,Punta Arenas,CL,2021-02-25 02:10:23,-53.15,-70.9167,46.38,73,51,11.74
48,Puerto Ayora,EC,2021-02-25 02:10:23,-0.7393,-90.3518,80.01,90,48,8.99
49,Beyneu,KZ,2021-02-25 02:10:24,45.3167,55.2,-2.16,89,96,12.66
50,Clyde River,CA,2021-02-25 02:07:17,70.4692,-68.5914,1.4,78,90,6.91
51,Shirokiy,RU,2021-02-25 02:10:24,49.758,129.523,-6.52,86,80,3.98
52,Coahuayana,MX,2021-02-25 02:10:24,18.7333,-103.6833,75.2,50,1,1.32
53,Carnarvon,AU,2021-02-25 02:10:25,-24.8667,113.6333,91.4,46,0,14.97
54,Sorland,NO,2021-02-25 02:10:25,67.667,12.6934,43.43,90,100,29.26
55,Mar Del Plata,AR,2021-02-25 02:08:44,-38.0023,-57.5575,66.99,94,0,3.44
56,Bambous Virieux,MU,2021-02-25 02:10:26,-20.3428,57.7575,73.99,88,40,9.73
57,Ushuaia,AR,2021-02-25 02:10:26,-54.8,-68.3,42.8,70,75,26.46
58,Bluff,NZ,2021-02-25 02:10:27,-46.6,168.3333,60.01,66,12,8.01
59,Esperance,AU,2021-02-25 02:07:38,-33.8667,121.9,71.6,53,0,14.97
60,Asau,RO,2021-02-25 02:10:28,46.4333,26.4,46.0,100,20,3.44
61,Naze,JP,2021-02-25 02:06:53,28.3667,129.4833,69.8,64,40,14.97
62,Sironko,UG,2021-02-25 02:10:28,1.2313,34.2477,68.11,49,100,4.63
63,Necochea,AR,2021-02-25 02:10:29,-38.5473,-58.7368,64.0,62,0,5.99
64,Castro,BR,2021-02-25 02:08:11,-24.7911,-50.0119,60.85,95,0,4.18
65,San Jose,US,2021-02-25 02:09:22,37.3394,-121.895,64.4,10,1,11.5
66,Skovorodino,RU,2021-02-25 02:10:29,53.9833,123.9167,-4.11,89,100,2.59
67,Klenovyy,UA,2021-02-25 02:10:30,48.1193,39.4588,8.56,90,76,6.62
68,Zhoucheng,CN,2021-02-25 02:10:30,35.9122,116.3117,36.16,100,100,6.85
69,Georgetown,MY,2021-02-25 02:10:30,5.4112,100.3354,80.6,83,20,4.61
70,Tono,JP,2021-02-25 02:10:31,39.3167,141.5333,32.0,59,40,14.97
71,Ponta Do Sol,PT,2021-02-25 02:10:31,32.6667,-17.1,57.0,53,33,11.99
72,Half Moon Bay,US,2021-02-25 02:09:54,37.4636,-122.4286,66.2,81,20,11.5
73,Yellowknife,CA,2021-02-25 02:07:41,62.456,-114.3525,-9.99,77,20,4.61
74,Carahue,CL,2021-02-25 02:10:32,-38.7,-73.1667,56.25,87,0,2.91
75,Tuktoyaktuk,CA,2021-02-25 02:10:32,69.4541,-133.0374,-36.4,74,1,2.3
76,Chuy,UY,2021-02-25 02:10:32,-33.6971,-53.4616,65.66,88,0,5.19
77,Ancud,CL,2021-02-25 02:10:33,-41.8697,-73.8203,61.0,79,0,3.0
78,Cutervo,PE,2021-02-25 02:10:33,-6.379,-78.8157,51.3,96,99,4.09
79,Pirovskoye,RU,2021-02-25 02:10:33,57.6267,92.2658,-1.5,91,100,11.36
80,Baruun-Urt,MN,2021-02-25 02:10:33,46.6806,113.2792,8.56,86,0,9.48
81,Saint-Francois,FR,2021-02-25 02:10:34,46.4154,3.9054,39.0,70,0,5.75
82,Blythe,US,2021-02-25 02:10:34,33.6103,-114.5964,73.4,17,1,4.61
83,Pangnirtung,CA,2021-02-25 02:10:34,66.1451,-65.7125,13.01,92,100,1.01
84,Dubti,ET,2021-02-25 02:10:34,11.7361,41.0853,75.96,67,0,13.98
85,Ribeira Grande,PT,2021-02-25 02:10:35,38.5167,-28.7,54.93,63,100,16.55
86,Bubaque,GW,2021-02-25 02:10:35,11.2833,-15.8333,76.84,69,2,12.5
87,Longyearbyen,SJ,2021-02-25 02:10:35,78.2186,15.6401,33.8,80,75,12.66
88,Port Hedland,AU,2021-02-25 02:10:36,-20.3167,118.5667,91.4,62,0,4.61
89,Inuvik,CA,2021-02-25 02:10:36,68.3499,-133.7218,-27.4,68,0,5.75
90,Kapaa,US,2021-02-25 02:10:36,22.0752,-159.319,75.2,73,90,17.27
91,Leshukonskoye,RU,2021-02-25 02:10:37,64.8989,45.7622,-1.07,91,96,9.15
92,Torbay,CA,2021-02-25 02:10:37,47.6666,-52.7314,32.0,86,90,16.11
93,Saint George,US,2021-02-25 02:05:42,37.1041,-113.5841,53.6,22,1,31.07
94,Katsuura,JP,2021-02-25 02:10:37,35.1333,140.3,48.0,24,62,10.0
95,Dikson,RU,2021-02-25 02:10:38,73.5069,80.5464,-16.71,89,96,11.27
96,Colares,PT,2021-02-25 02:10:38,38.7992,-9.4469,55.99,92,100,15.84
97,Sergeyevka,KZ,2021-02-25 02:10:38,53.88,67.4158,-8.34,90,100,9.15
98,Koslan,RU,2021-02-25 02:10:39,63.4564,48.8989,-5.84,90,54,8.21
99,Port Alfred,ZA,2021-02-25 02:10:39,-33.5906,26.891,64.99,95,70,1.01
100,Coihaique,CL,2021-02-25 02:10:39,-45.5752,-72.0662,54.27,86,24,3.85
101,Hilo,US,2021-02-25 02:10:40,19.7297,-155.09,75.2,73,90,8.05
102,Yulara,AU,2021-02-25 02:10:40,-25.2406,130.9889,82.4,13,0,9.22
103,Dukhovnitskoye,RU,2021-02-25 02:10:40,52.4828,48.2137,-7.6,84,96,3.96
104,Isangel,VU,2021-02-25 02:10:40,-19.55,169.2667,84.74,67,67,12.59
105,Hay River,CA,2021-02-25 02:10:41,60.8156,-115.7999,6.8,66,54,1.14
106,Tautira,PF,2021-02-25 02:10:41,-17.7333,-149.15,89.6,62,40,6.91
107,Kenitra,MA,2021-02-25 02:10:41,34.261,-6.5802,53.6,100,0,8.05
108,Beloha,MG,2021-02-25 02:10:42,-25.1667,45.05,73.69,83,93,2.64
109,Krasnovishersk,RU,2021-02-25 02:10:42,60.4078,57.082,-19.86,99,4,0.31
110,Cabo San Lucas,MX,2021-02-25 02:10:43,22.8909,-109.9124,71.6,43,40,2.3
111,Kingori,TZ,2021-02-25 02:10:43,-3.2833,36.9833,65.05,76,100,1.57
112,Bredasdorp,ZA,2021-02-25 02:10:43,-34.5322,20.0403,62.6,82,49,3.62
113,Taltal,CL,2021-02-25 02:10:44,-25.4,-70.4833,64.81,88,15,3.96
114,Goderich,CA,2021-02-25 02:10:44,43.7501,-81.7165,32.0,86,100,13.8
115,San Andres,CO,2021-02-25 02:10:44,12.5847,-81.7006,80.6,78,40,17.27
116,Lodingen,NO,2021-02-25 02:10:45,68.414,15.9951,44.01,87,90,5.75
117,Kilindoni,TZ,2021-02-25 02:10:45,-7.9139,39.6668,79.83,81,100,5.86
118,Melbu,NO,2021-02-25 02:10:45,68.5044,14.8297,42.8,100,75,9.22
119,Kontagora,NG,2021-02-25 02:10:46,10.3999,5.4695,71.6,21,0,5.26
120,Kirakira,SB,2021-02-25 02:10:46,-10.4544,161.9205,85.78,74,100,7.7
121,Saskylakh,RU,2021-02-25 02:10:47,71.9167,114.0833,-30.89,81,0,7.16
122,Mangrol,IN,2021-02-25 02:10:47,21.1167,70.1167,69.55,79,0,8.43
123,Dali,CN,2021-02-25 02:10:47,25.7,100.1833,54.07,58,0,3.47
124,Avarua,CK,2021-02-25 02:10:48,-21.2078,-159.775,82.4,83,75,16.11
125,Fare,PF,2021-02-25 02:10:48,-16.7,-151.0167,81.82,73,100,11.68
126,Souillac,MU,2021-02-25 02:10:48,-20.5167,57.5167,75.2,94,75,3.44
127,College,US,2021-02-25 02:10:48,64.8569,-147.8028,18.0,73,90,4.32
128,Jamestown,US,2021-02-25 02:10:49,42.097,-79.2353,39.0,75,90,21.85
129,Mount Gambier,AU,2021-02-25 02:10:49,-37.8333,140.7667,64.4,68,90,14.97
130,Lucea,JM,2021-02-25 02:10:49,18.451,-78.1736,78.8,78,20,4.61
131,Deputatskiy,RU,2021-02-25 02:10:50,69.3,139.9,-24.3,83,32,0.36
132,Dingle,PH,2021-02-25 02:10:50,10.9995,122.6711,83.07,69,76,9.44
133,Chokurdakh,RU,2021-02-25 02:10:50,70.6333,147.9167,-20.61,96,100,5.82
134,Nantucket,US,2021-02-25 02:07:05,41.2835,-70.0995,42.8,81,1,19.57
135,The Valley,AI,2021-02-25 02:07:47,18.217,-63.0578,77.0,73,20,14.97
136,Tucuma,BR,2021-02-25 02:10:51,-0.1833,-50.05,76.6,92,97,5.99
137,Tiksi,RU,2021-02-25 02:10:51,71.6872,128.8694,-24.66,84,99,5.03
138,Upernavik,GL,2021-02-25 02:10:52,72.7868,-56.1549,8.46,79,65,4.21
139,Avera,US,2021-02-25 02:10:52,33.194,-82.5271,60.01,44,1,4.61
140,Fairbanks,US,2021-02-25 02:08:01,64.8378,-147.7164,18.0,85,1,4.07
141,Salta,AR,2021-02-25 02:09:23,-24.7859,-65.4117,71.6,78,75,10.36
142,Suoyarvi,RU,2021-02-25 02:10:53,62.0833,32.35,31.53,99,100,6.46
143,Haysville,US,2021-02-25 02:10:53,37.5645,-97.3523,42.01,48,1,10.36
144,Tasiilaq,GL,2021-02-25 02:10:53,65.6145,-37.6368,24.8,68,90,2.3
145,Komsomolskiy,UZ,2021-02-25 02:10:54,40.4272,71.7189,24.8,63,75,11.5
146,Coquimbo,CL,2021-02-25 02:10:54,-29.9533,-71.3436,60.13,88,32,2.1
147,Honiara,SB,2021-02-25 02:10:54,-9.4333,159.95,84.56,76,100,8.61
148,Niamey,NE,2021-02-25 02:10:55,13.5137,2.1098,75.2,12,0,2.3
149,Port Lincoln,AU,2021-02-25 02:10:55,-34.7333,135.8667,64.87,57,98,9.4
150,Srednekolymsk,RU,2021-02-25 02:10:55,67.45,153.6833,-23.42,85,100,8.34
151,Zelenoborsk,RU,2021-02-25 02:10:56,61.4669,64.0333,-20.38,99,86,4.56
152,Boa Vista,BR,2021-02-25 02:09:30,2.8197,-60.6733,80.6,69,0,10.36
153,Cherskiy,RU,2021-02-25 02:10:57,68.75,161.3,-22.56,96,100,5.01
154,La Palma,US,2021-02-25 02:09:23,33.8464,-118.0467,63.0,82,20,5.75
155,Saratoga Springs,US,2021-02-25 02:10:57,43.0831,-73.7846,46.4,46,90,9.22
156,Padang,ID,2021-02-25 02:10:57,-0.9492,100.3543,77.0,83,75,5.75
157,Ormara,PK,2021-02-25 02:10:58,25.2088,64.6357,72.46,69,0,9.37
158,Barranca,PE,2021-02-25 02:10:58,-10.75,-77.7667,69.53,82,0,4.52
159,Lebu,CL,2021-02-25 02:10:58,-37.6167,-73.65,58.84,88,0,15.12
160,Zaysan,KZ,2021-02-25 02:10:58,47.4667,84.8667,27.91,97,100,4.29
161,Los Llanos De Aridane,ES,2021-02-25 02:10:59,28.6585,-17.9182,62.6,94,75,18.41
162,Vao,NC,2021-02-25 02:10:59,-22.6667,167.4833,78.73,81,5,17.52
163,Daru,PG,2021-02-25 02:10:59,-9.0763,143.2092,79.79,87,100,11.61
164,Jequitinhonha,BR,2021-02-25 02:11:00,-16.4339,-41.0033,73.11,88,100,3.76
165,East London,ZA,2021-02-25 02:11:00,-33.0153,27.9116,67.1,76,11,5.57
166,Pittsfield,US,2021-02-25 02:09:52,42.4501,-73.2454,44.6,53,90,12.66
167,Benghazi,LY,2021-02-25 02:11:00,32.1167,20.0667,57.74,77,0,13.56
168,Vanimo,PG,2021-02-25 02:11:01,-2.6741,141.3028,80.76,76,95,3.89
169,Kaitangata,NZ,2021-02-25 02:11:01,-46.2817,169.8464,57.99,60,9,10.0
170,Dunedin,NZ,2021-02-25 02:11:01,-45.8742,170.5036,57.99,62,60,8.01
171,Bilibino,RU,2021-02-25 02:11:02,68.0546,166.4372,-21.89,82,94,2.19
172,Nome,US,2021-02-25 02:11:02,64.5011,-165.4064,14.0,79,90,9.22
173,Piopio,NZ,2021-02-25 02:11:02,-38.4667,175.0167,84.0,34,95,1.01
174,Rio Grande,BR,2021-02-25 02:11:03,-32.035,-52.0986,68.58,66,0,8.16
175,Lagoa,PT,2021-02-25 02:11:03,39.05,-27.9833,54.63,63,99,18.9
176,Wentzville,US,2021-02-25 02:10:34,38.8114,-90.8529,42.01,74,98,1.01
177,Nyurba,RU,2021-02-25 02:11:03,63.2842,118.3319,-22.81,86,99,3.29
178,Goldsboro,US,2021-02-25 02:11:04,35.3849,-77.9928,59.0,44,1,8.05
179,Belmonte,BR,2021-02-25 02:11:04,-15.8631,-38.8828,77.0,83,40,2.3
180,Hannibal,US,2021-02-25 02:07:18,39.7084,-91.3585,36.0,75,90,4.61
181,Riyadh,SA,2021-02-25 02:07:17,24.6877,46.7219,59.0,58,40,12.66
182,Casas Grandes,MX,2021-02-25 02:11:05,30.3667,-107.95,61.0,12,0,1.01
183,Zhigansk,RU,2021-02-25 02:11:05,66.7697,123.3711,-31.43,81,34,4.63
184,Deniliquin,AU,2021-02-25 02:11:06,-35.5333,144.9667,79.0,23,12,1.99
185,Atar,MR,2021-02-25 02:11:06,20.5169,-13.0499,70.9,21,0,13.76
186,Kavaratti,IN,2021-02-25 02:11:07,10.5669,72.642,81.32,68,72,7.36
187,Kununurra,AU,2021-02-25 02:10:12,-15.7667,128.7333,86.0,59,40,6.91
188,Conchas,BR,2021-02-25 02:11:07,-23.0153,-48.0106,70.84,90,94,4.18
189,Buala,SB,2021-02-25 02:11:07,-8.145,159.5921,83.41,79,100,12.82
190,Chapais,CA,2021-02-25 02:11:08,49.7834,-74.8492,6.8,78,75,6.91
191,Tessalit,ML,2021-02-25 02:11:08,20.1986,1.0114,57.33,16,0,11.34
192,Sao Filipe,CV,2021-02-25 02:11:08,14.8961,-24.4956,70.72,77,0,11.05
193,Vaini,TO,2021-02-25 02:11:09,-21.2,-175.2,82.4,74,20,9.22
194,Mangaratiba,BR,2021-02-25 02:11:09,-22.9597,-44.0406,77.0,83,75,4.61
195,Luderitz,NA,2021-02-25 02:11:09,-26.6481,15.1594,64.35,74,0,20.65
196,Mehran,IR,2021-02-25 02:11:10,33.1222,46.1646,35.6,93,90,5.86
197,Zeya,RU,2021-02-25 02:11:10,53.75,127.2667,-3.66,80,99,1.23
198,Bandarbeyla,SO,2021-02-25 02:11:10,9.4942,50.8122,74.25,73,37,8.28
199,Airai,TL,2021-02-25 02:11:11,-8.9266,125.4092,69.53,96,76,3.71
200,Port Hardy,CA,2021-02-25 02:11:11,50.6996,-127.4199,37.4,87,90,21.85
201,Mnogovershinnyy,RU,2021-02-25 02:11:11,53.9353,139.9242,2.64,92,100,3.78
202,Pevek,RU,2021-02-25 02:11:12,69.7008,170.3133,-18.87,88,100,3.65
203,Sheridan,US,2021-02-25 02:11:12,44.8333,-106.9173,24.01,73,1,8.05
204,Rawson,AR,2021-02-25 02:08:59,-43.3002,-65.1023,65.41,61,0,5.1
205,Leningradskiy,RU,2021-02-25 02:11:13,69.3833,178.4167,-15.86,86,100,9.69
206,Lakes Entrance,AU,2021-02-25 02:11:13,-37.8811,147.981,73.0,51,98,1.01
207,Mezen,RU,2021-02-25 02:11:13,65.8522,44.24,1.54,92,100,9.93
208,Parrita,CR,2021-02-25 02:11:14,9.5201,-84.3225,73.4,60,0,16.11
209,Geraldton,AU,2021-02-25 02:10:55,-28.7667,114.6,77.0,69,0,9.22
210,Amalapuram,IN,2021-02-25 02:11:14,16.5833,82.0167,73.4,78,75,2.39
211,Vila Franca Do Campo,PT,2021-02-25 02:11:15,37.7167,-25.4333,46.4,87,20,4.61
212,Wagar,SD,2021-02-25 02:11:15,16.1525,36.2032,60.62,78,0,15.48
213,Pombas,CV,2021-02-25 02:11:15,17.1503,-25.0201,69.8,73,20,29.93
214,Ambanja,MG,2021-02-25 02:11:15,-13.6833,48.45,73.27,85,68,4.25
215,Iskateley,RU,2021-02-25 02:11:16,67.6803,53.1512,3.78,93,100,15.32
216,Mount Isa,AU,2021-02-25 02:11:16,-20.7333,139.5,91.4,15,0,6.91
217,Cidreira,BR,2021-02-25 02:11:16,-30.1811,-50.2056,72.57,73,0,9.64
218,Dibrugarh,IN,2021-02-25 02:11:17,27.4833,94.9,66.2,82,75,4.61
219,Vardo,NO,2021-02-25 02:11:17,70.3705,31.1107,25.34,97,100,29.68
220,Port-Gentil,GA,2021-02-25 02:11:17,-0.7193,8.7815,81.81,77,100,9.71
221,Progreso,MX,2021-02-25 02:11:18,21.2833,-89.6667,82.4,61,20,6.91
222,Poum,NC,2021-02-25 02:11:18,-20.2333,164.0167,82.54,71,91,7.94
223,Burns Lake,CA,2021-02-25 02:11:18,54.2331,-125.7533,24.8,93,100,5.75
224,Bobo Dioulasso,BF,2021-02-25 02:11:19,11.1771,-4.2979,70.95,19,0,2.77
225,Vostok,RU,2021-02-25 02:11:19,46.4856,135.8833,6.64,81,66,3.24
226,Yar-Sale,RU,2021-02-25 02:08:04,66.8333,70.8333,-11.96,90,86,2.3
227,Seryshevo,RU,2021-02-25 02:11:19,51.0933,128.3786,-8.72,88,100,3.62
228,Lavrentiya,RU,2021-02-25 02:11:20,65.5833,-171.0,-10.93,87,87,11.56
229,Codrington,AU,2021-02-25 02:11:20,-38.2667,141.9667,64.76,58,100,16.04
230,Mahebourg,MU,2021-02-25 02:11:20,-20.4081,57.7,75.2,94,75,3.44
231,Grand-Santi,GF,2021-02-25 02:11:21,4.25,-54.3833,72.23,96,60,3.0
232,Umm Kaddadah,SD,2021-02-25 02:11:21,13.6017,26.6876,58.64,32,29,16.35
233,Kelheim,DE,2021-02-25 02:11:21,48.9167,11.8667,37.0,86,1,2.86
234,Provideniya,RU,2021-02-25 02:11:22,64.3833,-173.3,6.8,66,0,26.84
235,Gravdal,NO,2021-02-25 02:11:22,68.1214,13.5031,41.72,95,85,21.52
236,Hambantota,LK,2021-02-25 02:11:22,6.1241,81.1185,73.4,100,1,3.44
237,Great Falls,US,2021-02-25 02:07:19,47.5002,-111.3008,30.99,50,1,12.66
238,Beringovskiy,RU,2021-02-25 02:11:23,63.05,179.3167,-1.84,91,100,20.24
239,Havoysund,NO,2021-02-25 02:11:23,70.9963,24.6622,35.6,75,75,8.05
240,Amnat Charoen,TH,2021-02-25 02:11:23,15.9167,104.75,84.27,47,19,9.37
241,Alofi,NU,2021-02-25 02:11:24,-19.0595,-169.9187,84.2,70,40,5.75
242,Cabedelo,BR,2021-02-25 02:11:24,-6.9811,-34.8339,78.8,94,40,9.22
243,Erzincan,TR,2021-02-25 02:11:24,39.75,39.5,30.2,59,0,1.14
244,Rapid Valley,US,2021-02-25 02:11:24,44.0625,-103.1463,28.99,63,1,12.66
245,Pomabamba,PE,2021-02-25 02:11:25,-8.8333,-77.4667,50.77,77,86,5.21
246,Vila Velha,BR,2021-02-25 02:11:25,-20.3297,-40.2925,79.0,83,75,4.61
247,Miracema Do Tocantins,BR,2021-02-25 02:11:26,-9.5618,-48.3967,75.11,88,100,0.27
248,Dobsina,SK,2021-02-25 02:11:26,48.8207,20.3699,30.2,86,0,2.3
249,Anshun,CN,2021-02-25 02:11:26,26.25,105.9333,57.27,85,96,3.89
250,Khatanga,RU,2021-02-25 02:11:27,71.9667,102.5,-21.68,87,86,8.05
251,Tomatlan,MX,2021-02-25 02:11:27,19.9333,-105.25,68.38,83,100,2.35
252,Rocha,UY,2021-02-25 02:11:27,-34.4833,-54.3333,60.39,92,0,2.13
253,Simao,CN,2021-02-25 02:06:49,22.7886,100.9748,67.1,44,1,4.27
254,Poronaysk,RU,2021-02-25 02:11:28,49.2167,143.1167,15.4,95,100,5.91
255,Anadyr,RU,2021-02-25 02:11:28,64.75,177.4833,-11.0,77,0,8.95
256,Mogwase,ZA,2021-02-25 02:11:28,-25.185,27.2665,65.57,93,100,5.46
257,Kloulklubed,PW,2021-02-25 02:11:28,7.0419,134.2556,84.2,74,75,11.5
258,Pangai,TO,2021-02-25 02:11:29,-19.8,-174.35,84.2,79,20,6.91
259,Oistins,BB,2021-02-25 02:11:29,13.0667,-59.5333,78.8,65,40,25.32
260,Saint-Ambroise,CA,2021-02-25 02:11:29,48.5501,-71.3324,24.8,68,100,6.91
261,Turukhansk,RU,2021-02-25 02:11:30,65.8167,87.9833,-31.79,80,11,5.12
262,Marsa Matruh,EG,2021-02-25 02:07:17,31.3525,27.2453,51.8,93,0,8.05
263,Lompoc,US,2021-02-25 02:07:57,34.6391,-120.4579,66.0,71,1,9.22
264,Makakilo City,US,2021-02-25 02:10:48,21.3469,-158.0858,82.4,47,20,17.27
265,Kamennomostskiy,RU,2021-02-25 02:11:31,44.2983,40.1856,24.44,93,0,2.19
266,Port Macquarie,AU,2021-02-25 02:11:31,-31.4333,152.9167,84.99,59,86,1.99
267,Fortuna,US,2021-02-25 02:07:46,40.5982,-124.1573,48.0,76,1,8.05
268,Along,IN,2021-02-25 02:11:32,28.1667,94.7667,65.86,47,27,0.81
269,Tommot,RU,2021-02-25 02:11:32,58.9564,126.2925,-12.35,94,94,0.94
270,Tarabha,IN,2021-02-25 02:11:33,20.7333,83.65,69.8,27,0,3.62
271,Nador,MA,2021-02-25 02:09:48,35.174,-2.9287,59.0,88,90,8.05
272,Sibiti,CG,2021-02-25 02:11:33,-3.6819,13.3499,68.38,100,100,1.05
273,Boyolangu,ID,2021-02-25 02:11:34,-8.1181,111.8935,80.73,81,100,11.05
274,Lundazi,ZM,2021-02-25 02:11:34,-12.2929,33.1782,61.75,93,100,3.85
275,Port Blair,IN,2021-02-25 02:11:34,11.6667,92.75,75.2,83,20,1.95
276,Susurluk,TR,2021-02-25 02:11:34,39.9136,28.1578,46.99,81,75,9.22
277,Korla,CN,2021-02-25 02:11:34,41.7597,86.1469,40.33,53,42,5.93
278,Porto Novo,BJ,2021-02-25 02:11:35,6.4965,2.6036,80.74,81,20,8.28
279,Lahuachaca,BO,2021-02-25 02:11:35,-17.3667,-67.6667,48.74,76,100,8.43
280,Westport,US,2021-02-25 02:11:35,41.1415,-73.3579,44.01,81,75,11.5
281,Marzuq,YE,2021-02-25 02:11:36,14.4,46.4667,61.79,42,0,4.05
282,Lorengau,PG,2021-02-25 02:11:36,-2.0226,147.2712,85.06,71,100,11.52
283,Hobyo,SO,2021-02-25 02:11:36,5.3505,48.5268,76.24,75,79,12.46
284,Evensk,RU,2021-02-25 02:11:37,61.95,159.2333,2.46,75,100,9.6
285,Truckee,US,2021-02-25 02:11:37,39.328,-120.1833,28.4,37,1,9.22
286,Saldanha,ZA,2021-02-25 02:11:37,-33.0117,17.9442,62.6,72,0,8.05
287,Rodeo,US,2021-02-25 02:11:38,38.033,-122.2669,62.6,16,1,11.5
288,Guanica,PR,2021-02-25 02:11:38,17.9716,-66.908,75.0,63,57,1.01
289,Cerinza,CO,2021-02-25 02:11:38,5.9557,-72.9478,52.93,94,39,3.22
290,Coruripe,BR,2021-02-25 02:11:39,-10.1256,-36.1756,77.7,80,0,7.63
291,Zapolyarnyy,RU,2021-02-25 02:10:06,69.4154,30.8136,19.4,86,90,14.97
292,Portland,US,2021-02-25 02:10:37,45.5234,-122.6762,45.0,61,40,3.44
293,Neyshabur,IR,2021-02-25 02:10:02,36.2133,58.7958,25.48,82,100,5.21
294,Salalah,OM,2021-02-25 02:11:40,17.0151,54.0924,69.8,56,0,2.3
295,Ozd,HU,2021-02-25 02:11:40,48.2167,20.3,40.75,87,0,0.74
296,Constitucion,CL,2021-02-25 02:09:15,-35.3333,-72.4167,58.77,90,29,4.94
297,Joshimath,IN,2021-02-25 02:11:41,30.5667,79.5667,47.66,39,0,6.06
298,Hualmay,PE,2021-02-25 02:11:41,-11.0964,-77.6139,70.12,81,32,6.6
299,Sinnamary,GF,2021-02-25 02:11:42,5.3833,-52.95,77.18,86,30,14.99
300,Inongo,CD,2021-02-25 02:11:42,-1.95,18.2667,73.8,84,43,3.44
301,Maraa,BR,2021-02-25 02:11:42,-1.8333,-65.3667,74.88,96,100,1.79
302,Oyama,JP,2021-02-25 02:11:42,36.3,139.8,46.99,33,40,3.44
303,Hami,CN,2021-02-25 02:11:43,42.8,93.45,46.58,49,49,7.07
304,Gat,IL,2021-02-25 02:11:43,31.61,34.7642,53.01,100,1,4.68
305,San Quintin,MX,2021-02-25 02:11:43,30.4833,-115.95,58.73,77,44,6.98
306,Shimoda,JP,2021-02-25 02:11:44,34.6667,138.95,46.4,53,75,13.8
307,Verkhnevilyuysk,RU,2021-02-25 02:11:44,63.4453,120.3167,-24.03,86,94,3.42
308,Buin,CL,2021-02-25 02:11:44,-33.7333,-70.75,71.01,44,0,1.81
309,Iqaluit,CA,2021-02-25 02:11:45,63.7506,-68.5145,0.0,77,90,27.63
310,Shetpe,KZ,2021-02-25 02:11:45,44.1667,52.1167,2.19,79,0,4.03
311,Bethel,US,2021-02-25 02:11:46,41.3712,-73.414,43.0,74,99,1.99
312,Rudnaya Pristan,RU,2021-02-25 02:11:46,44.3614,135.8116,18.7,82,0,1.28
313,Quang Ngai,VN,2021-02-25 02:11:46,15.1167,108.8,74.8,73,100,3.76
314,Itarema,BR,2021-02-25 02:11:47,-2.9248,-39.9167,78.73,83,99,8.77
315,Konevo,RU,2021-02-25 02:11:47,62.1215,39.3192,8.47,95,100,8.28
316,Bagdarin,RU,2021-02-25 02:11:47,54.4333,113.6,-4.86,64,0,0.65
317,Odweyne,SO,2021-02-25 02:11:48,9.4092,45.064,62.24,31,0,5.01
318,Margate,GB,2021-02-25 02:09:13,51.3813,1.3862,54.0,66,100,4.0
319,Pottstown,US,2021-02-25 02:07:24,40.2454,-75.6496,48.2,57,75,6.91
320,Cap Malheureux,MU,2021-02-25 02:11:48,-19.9842,57.6142,73.99,78,0,3.0
321,Linkoping,SE,2021-02-25 02:11:49,58.4109,15.6216,50.0,81,90,10.36
322,Tazmalt,DZ,2021-02-25 02:11:49,36.3868,4.3989,50.76,71,0,1.97
323,Jiwani,PK,2021-02-25 02:11:49,25.05,61.7417,73.71,76,0,12.48
324,Broken Hill,AU,2021-02-25 02:11:50,-31.95,141.4333,69.8,30,0,16.11
325,North Platte,US,2021-02-25 02:08:42,41.1239,-100.7654,34.0,51,1,5.75
326,Kilifi,KE,2021-02-25 02:11:50,-3.6305,39.8499,76.03,84,67,1.19
327,Dhone,IN,2021-02-25 02:11:51,15.4167,77.8833,74.26,49,50,4.14
328,Richards Bay,ZA,2021-02-25 02:11:51,-28.783,32.0377,71.98,92,95,5.93
329,Qandala,SO,2021-02-25 02:11:52,11.472,49.8728,72.18,74,77,1.95
330,Cam Ranh,VN,2021-02-25 02:11:52,11.9214,109.1591,77.0,65,0,3.44
331,Sao Bras De Alportel,PT,2021-02-25 02:11:52,37.1531,-7.8875,60.8,88,75,8.05
332,Qovlar,AZ,2021-02-25 02:11:53,40.948,45.735,21.2,100,90,4.61
333,Vestmanna,FO,2021-02-25 02:11:53,62.1564,-7.1664,44.6,100,75,10.36
334,Morag,PL,2021-02-25 02:11:53,53.9171,19.926,44.01,90,44,8.68
335,Hailun,CN,2021-02-25 02:11:53,47.45,126.9333,6.33,88,100,5.1
336,Darhan,MN,2021-02-25 02:11:54,49.4867,105.9228,13.98,90,61,2.13
337,Camacha,PT,2021-02-25 02:11:54,33.0833,-16.3333,59.0,63,40,16.11
338,Callaway,US,2021-02-25 02:11:54,30.153,-85.5699,60.01,94,1,8.05
339,Bashtanka,UA,2021-02-25 02:11:55,47.4072,32.4387,31.23,94,100,9.55
340,Najran,SA,2021-02-25 02:11:55,17.4924,44.1277,73.4,49,40,6.2
341,Kysyl-Syr,RU,2021-02-25 02:11:55,63.8986,122.7617,-25.22,84,0,2.46
342,Valer,NO,2021-02-25 02:11:56,60.6785,11.8331,37.4,100,90,10.36
343,Qasigiannguit,GL,2021-02-25 02:11:56,68.8193,-51.1922,8.6,52,0,3.44
344,Tevaitoa,PF,2021-02-25 02:11:57,-16.7833,-151.5,81.84,75,17,12.15
345,Sarangani,PH,2021-02-25 02:11:57,5.4033,125.4636,82.17,74,64,15.57
346,Harper,LR,2021-02-25 02:11:58,4.375,-7.7169,78.33,85,51,8.19
347,Lugovoy,KZ,2021-02-25 02:11:58,42.9472,72.7644,9.68,92,100,3.4
348,Gweru,ZW,2021-02-25 02:11:58,-19.45,29.8167,59.43,95,11,4.12
349,Kantunilkin,MX,2021-02-25 02:11:59,21.0917,-87.45,78.8,73,40,6.91
350,Hithadhoo,MV,2021-02-25 02:11:59,-0.6,73.0833,82.26,77,100,10.27
351,Kuching,MY,2021-02-25 02:07:22,1.55,110.3333,80.6,78,20,2.3
352,Renigunta,IN,2021-02-25 02:11:59,13.65,79.5167,68.0,88,20,3.87
353,Mount Vernon,US,2021-02-25 02:08:10,40.9126,-73.8371,48.2,61,75,8.05
354,Marawi,PH,2021-02-25 02:12:00,7.9986,124.2928,82.0,78,81,4.0
355,Bac Lieu,VN,2021-02-25 02:12:00,9.285,105.7244,79.54,66,1,3.85
356,Ayagoz,KZ,2021-02-25 02:12:01,47.9714,80.4392,4.87,92,100,10.09
357,Severo-Kurilsk,RU,2021-02-25 02:12:01,50.6789,156.125,26.78,93,93,9.17
358,Ozernovskiy,RU,2021-02-25 02:12:01,51.5,156.5167,22.73,73,4,4.18
359,Pacific Grove,US,2021-02-25 02:12:02,36.6177,-121.9166,57.0,80,0,3.0
360,Rundu,NA,2021-02-25 02:12:02,-17.9333,19.7667,66.2,93,100,3.65
361,Tukrah,LY,2021-02-25 02:09:15,32.5341,20.5791,55.69,83,0,12.44
362,Bundaberg,AU,2021-02-25 02:12:02,-24.85,152.35,87.8,51,40,11.5
363,Hamilton,US,2021-02-25 02:12:03,39.1834,-84.5333,44.6,57,20,14.97
364,Ushtobe,KZ,2021-02-25 02:12:03,45.2514,77.9838,20.05,92,100,20.54
365,Shirvan,AZ,2021-02-25 02:12:03,39.9509,48.8994,26.94,92,96,3.29
366,Yarmouth,US,2021-02-25 02:12:04,41.7057,-70.2286,43.0,81,1,10.36
367,San Cristobal,VE,2021-02-25 02:12:04,7.7669,-72.225,66.58,84,75,1.63
368,Tiznit,MA,2021-02-25 02:12:05,29.5833,-9.5,57.33,48,0,1.5
369,Zwedru,LR,2021-02-25 02:12:05,6.0667,-8.1281,71.82,96,35,1.97
370,Vila,PT,2021-02-25 02:12:05,42.0304,-8.1588,48.0,93,100,1.32
371,Nemuro,JP,2021-02-25 02:12:05,43.3236,145.575,23.0,50,40,6.91
372,Red Wing,US,2021-02-25 02:12:06,44.5625,-92.5338,30.2,74,1,3.44
373,Moyale,KE,2021-02-25 02:12:06,3.5167,39.0584,63.41,43,19,3.96
374,Narsaq,GL,2021-02-25 02:12:06,60.9167,-46.05,19.4,63,3,1.14
375,Manicore,BR,2021-02-25 02:12:07,-5.8092,-61.3003,74.89,96,100,1.81
376,Lakhdenpokhya,RU,2021-02-25 02:12:07,61.5198,30.1992,34.0,96,100,9.26
377,Mayskiy,RU,2021-02-25 02:12:07,47.6931,40.1025,8.6,61,0,8.95
378,Faanui,PF,2021-02-25 02:12:08,-16.4833,-151.75,81.9,74,91,11.83
379,Alexandria,EG,2021-02-25 02:10:05,31.2156,29.9553,59.0,82,40,12.66
380,Caravelas,BR,2021-02-25 02:12:08,-17.7125,-39.2481,77.23,86,0,6.71
381,Bima,ID,2021-02-25 02:12:09,-8.4667,118.7167,83.53,76,97,6.76
382,Koyelga,RU,2021-02-25 02:12:09,54.6522,60.9049,-14.91,84,83,13.87
383,Ulaanbaatar,MN,2021-02-25 02:10:04,47.9077,106.8832,10.4,72,75,2.24
384,Oyem,GA,2021-02-25 02:12:10,1.5995,11.5793,67.53,97,30,2.84
385,Maralal,KE,2021-02-25 02:12:10,1.0968,36.698,60.24,54,100,3.27
386,Flinders,AU,2021-02-25 02:12:10,-34.5833,150.8552,64.4,100,75,2.3
387,Coos Bay,US,2021-02-25 02:12:11,43.3665,-124.2179,46.4,71,1,16.11
388,Kailua,US,2021-02-25 02:12:11,21.4022,-157.7394,82.4,57,40,17.27
389,Urumqi,CN,2021-02-25 02:12:11,43.801,87.6005,26.6,93,75,4.47
390,Mabaruma,GY,2021-02-25 02:12:11,8.2,-59.7833,73.4,95,11,4.09
391,Ciudad Bolivar,VE,2021-02-25 02:12:12,8.1222,-63.5497,79.12,71,13,16.51
392,Kaeo,NZ,2021-02-25 02:12:12,-35.1,173.7833,77.0,53,31,10.0
393,Ucluelet,CA,2021-02-25 02:12:12,48.9329,-125.5528,43.0,75,90,14.97
394,Muros,ES,2021-02-25 02:12:13,42.7762,-9.0603,48.99,95,100,1.99
395,Hovd,MN,2021-02-25 02:12:13,48.0056,91.6419,23.52,43,42,2.55
396,Byron Bay,AU,2021-02-25 02:12:13,-28.65,153.6167,82.0,69,30,14.97
397,Ketchikan,US,2021-02-25 02:12:13,55.3422,-131.6461,33.8,100,90,32.21
398,Caraballeda,VE,2021-02-25 02:12:14,10.6112,-66.8522,77.0,69,75,6.91
399,Bosobolo,CD,2021-02-25 02:12:14,4.1833,19.9,70.81,43,23,3.8
400,Alekseyevka,RU,2021-02-25 02:12:14,50.6309,38.6903,17.28,96,100,13.33
401,Nantong,CN,2021-02-25 02:12:15,32.0303,120.8747,55.0,93,100,4.59
402,Kruisfontein,ZA,2021-02-25 02:12:15,-34.0033,24.7314,62.01,93,15,1.68
403,Ibotirama,BR,2021-02-25 02:12:15,-12.1853,-43.2206,71.98,85,90,1.54
404,Houston,US,2021-02-25 02:08:41,29.7633,-95.3633,73.0,78,90,4.61
405,Tuatapere,NZ,2021-02-25 02:12:16,-46.1333,167.6833,60.01,66,98,8.01
406,Igunga,TZ,2021-02-25 02:12:16,-4.2833,33.8833,63.41,95,100,4.59
407,Baykit,RU,2021-02-25 02:12:17,61.67,96.37,-22.58,81,18,3.24
408,Surt,LY,2021-02-25 02:12:17,31.2089,16.5887,58.06,76,100,6.26
409,Ambilobe,MG,2021-02-25 02:12:17,-13.2,49.05,71.49,91,41,3.24
410,Andenes,NO,2021-02-25 02:12:17,69.3143,16.1194,37.4,100,90,13.8
411,Mareeba,AU,2021-02-25 02:12:18,-17.0,145.4333,90.0,66,40,14.97
412,Ahuimanu,US,2021-02-25 02:12:18,21.4447,-157.8378,82.4,57,40,17.27
413,Dornbirn,AT,2021-02-25 02:12:18,47.4167,9.7331,45.0,59,0,5.3
414,Lixourion,GR,2021-02-25 02:12:19,38.2019,20.4314,54.9,75,0,5.3
415,Conakry,GN,2021-02-25 02:12:19,9.538,-13.6773,80.6,78,86,4.61
416,Walvis Bay,NA,2021-02-25 02:12:19,-22.9575,14.5053,61.0,88,73,6.91
417,Mayo,US,2021-02-25 02:11:33,38.8876,-76.5119,50.0,81,1,6.91
418,Bowen,AU,2021-02-25 02:12:20,-20.0167,148.2333,86.0,66,40,11.5
419,Vestmannaeyjar,IS,2021-02-25 02:12:20,63.4427,-20.2734,38.41,76,40,10.54
420,Barrhead,GB,2021-02-25 02:12:21,55.7992,-4.3929,43.0,93,75,4.61
421,Coaticook,CA,2021-02-25 02:12:21,45.1334,-71.7991,32.0,100,90,5.75
422,Danville,US,2021-02-25 02:12:21,36.586,-79.395,57.2,35,1,5.75
423,Namibe,AO,2021-02-25 02:12:22,-15.1961,12.1522,69.62,78,100,4.85
424,Kamiiso,JP,2021-02-25 02:12:22,41.8167,140.65,26.6,80,75,8.05
425,Davidesti,RO,2021-02-25 02:12:22,45.0167,25.0333,45.0,74,16,3.06
426,Treinta Y Tres,UY,2021-02-25 02:12:23,-33.2333,-54.3833,63.36,70,0,4.23
427,Foso,GH,2021-02-25 02:12:23,5.7012,-1.2866,74.75,92,28,3.6
428,Hokitika,NZ,2021-02-25 02:12:23,-42.7167,170.9667,64.89,79,100,1.83
429,Itoman,JP,2021-02-25 02:12:24,26.1247,127.6694,75.2,64,20,21.85
430,Nkhotakota,MW,2021-02-25 02:12:24,-12.9274,34.2961,72.46,83,100,2.93
431,Posadas,AR,2021-02-25 02:10:44,-27.3671,-55.8961,78.8,69,0,5.75
432,Waingapu,ID,2021-02-25 02:12:25,-9.6567,120.2641,82.2,78,99,8.77
433,Penzance,GB,2021-02-25 02:12:25,50.1186,-5.5371,46.99,93,40,10.36
434,Alvand,IR,2021-02-25 02:12:25,36.3187,49.1678,15.21,86,67,7.4
435,Fayetteville,US,2021-02-25 02:12:15,35.0527,-78.8784,60.8,44,1,8.05
436,Cayenne,GF,2021-02-25 02:12:26,4.9333,-52.3333,78.8,89,90,11.5
437,Brae,GB,2021-02-25 02:12:26,60.3964,-1.353,44.6,81,61,16.11
438,Inta,RU,2021-02-25 02:12:26,66.0317,60.1659,-14.66,88,11,5.57
439,Arman,RU,2021-02-25 02:12:27,59.7,150.1667,3.79,70,0,8.01
440,Aksu,CN,2021-02-25 02:12:27,41.1231,80.2644,35.33,68,0,2.71
441,Te Anau,NZ,2021-02-25 02:12:27,-45.4167,167.7167,62.31,55,67,2.17
442,Laurel,US,2021-02-25 02:12:28,39.0993,-76.8483,57.2,28,1,13.4
443,Auki,SB,2021-02-25 02:12:28,-8.7676,160.7034,83.88,74,100,5.44
444,Ippy,CF,2021-02-25 02:12:28,6.2679,21.2247,72.12,33,61,5.14
445,Gravelbourg,CA,2021-02-25 02:12:29,49.8834,-106.5512,15.8,79,11,13.8
446,Zhezkazgan,KZ,2021-02-25 02:12:29,47.8043,67.7144,-14.71,87,78,15.01
447,Mkushi,ZM,2021-02-25 02:12:29,-13.6202,29.3939,62.37,96,100,5.37
448,Kovdor,RU,2021-02-25 02:12:29,67.5662,30.4758,4.15,95,81,4.72
449,Pouebo,NC,2021-02-25 02:12:30,-20.4,164.5667,84.38,66,83,10.07
450,Qurayyat,SA,2021-02-25 02:12:30,31.3318,37.3428,44.6,87,0,16.11
451,Camana,PE,2021-02-25 02:12:31,-16.6228,-72.7111,70.54,77,15,4.99
452,Opole,PL,2021-02-25 02:12:31,50.5,18.0,43.0,74,0,3.36
453,Ust-Kut,RU,2021-02-25 02:12:31,56.7938,105.7672,-11.6,86,4,2.48
454,Mana,GF,2021-02-25 02:12:32,5.6592,-53.7767,77.27,85,75,13.69
455,Derzhavinsk,KZ,2021-02-25 02:12:32,51.1,66.3167,-14.3,89,100,11.21
456,Bardiyah,LY,2021-02-25 02:12:33,31.7561,25.0865,57.04,82,0,10.92
457,Conde,BR,2021-02-25 02:12:33,-7.2597,-34.9075,78.8,94,40,9.22
458,North Bend,US,2021-02-25 02:12:33,43.4065,-124.2243,46.4,71,1,16.11
459,Bonthe,SL,2021-02-25 02:12:34,7.5264,-12.505,77.99,88,41,5.66
460,High Prairie,CA,2021-02-25 02:12:34,55.4334,-116.4858,28.4,46,100,6.91
461,Ginir,ET,2021-02-25 02:12:34,7.1333,40.7,56.93,50,0,2.26
462,Diphu,IN,2021-02-25 02:12:35,25.8333,93.4333,72.16,34,0,0.2
463,Victoria,HK,2021-02-25 02:09:15,22.2855,114.1577,68.0,89,81,1.01
464,Chicama,PE,2021-02-25 02:12:35,-7.8447,-79.1469,73.44,65,88,5.23
465,Wamba,NG,2021-02-25 02:12:36,8.9333,8.6,73.92,20,26,3.69
466,Nicolas Bravo,MX,2021-02-25 02:12:37,18.45,-88.9167,78.8,78,40,5.75
467,Paraiso,CR,2021-02-25 02:12:37,9.8383,-83.8656,73.4,60,0,16.11
468,Nova Olimpia,BR,2021-02-25 02:12:38,-14.7972,-57.2881,78.08,75,79,3.65
469,Spearfish,US,2021-02-25 02:09:21,44.4908,-103.8594,26.01,68,1,6.91
470,Hirara,JP,2021-02-25 02:12:38,24.8,125.2833,75.2,69,75,17.27
471,Calatagan,PH,2021-02-25 02:12:39,13.8833,120.65,81.68,75,100,15.84
472,Qui Nhon,VN,2021-02-25 02:12:39,13.7667,109.2333,74.62,71,0,1.88
473,Karratha,AU,2021-02-25 02:12:40,-20.7377,116.8463,94.32,45,0,4.38
474,Toyoake,JP,2021-02-25 02:12:40,35.0594,137.0137,45.0,36,40,11.5
475,Kavieng,PG,2021-02-25 02:12:41,-2.5744,150.7967,84.54,72,100,14.43
476,Bengkulu,ID,2021-02-25 02:12:41,-3.8004,102.2655,77.11,82,99,5.77
477,Wloszczowa,PL,2021-02-25 02:12:41,50.8526,19.9659,46.0,100,0,5.99
478,Muravlenko,RU,2021-02-25 02:12:41,63.7898,74.523,-32.62,85,3,5.84
479,Akyab,MM,2021-02-25 02:12:41,20.15,92.9,69.64,67,5,5.79
480,Pisco,PE,2021-02-25 02:09:08,-13.7,-76.2167,70.0,78,0,13.8
481,Tual,ID,2021-02-25 02:12:42,-5.6667,132.75,82.99,78,100,9.15
482,Sobolevo,RU,2021-02-25 02:11:36,54.4299,31.8996,36.09,99,100,12.06
483,Atbasar,KZ,2021-02-25 02:12:43,51.8,68.3333,-22.86,95,50,9.69
484,Rafai,CF,2021-02-25 02:12:43,4.95,23.9167,72.34,26,67,5.55
485,Alice Springs,AU,2021-02-25 02:09:37,-23.7,133.8833,80.6,12,0,12.66
486,Borovoy,RU,2021-02-25 02:12:44,55.4333,86.0833,1.4,71,40,11.18
487,Churapcha,RU,2021-02-25 02:12:14,62.0025,132.4325,-20.33,84,41,3.18
488,Kisangani,CD,2021-02-25 02:12:45,0.5167,25.2,70.57,87,99,2.06
489,Ust-Tsilma,RU,2021-02-25 02:12:45,65.441,52.1498,-0.62,90,100,7.38
490,Whitehorse,CA,2021-02-25 02:08:05,60.7161,-135.0538,24.8,86,90,11.5
491,Inhambane,MZ,2021-02-25 02:09:51,-23.865,35.3833,73.56,86,76,2.21
492,Yumen,CN,2021-02-25 02:12:46,40.2833,97.2,35.33,73,81,11.86
493,Comodoro Rivadavia,AR,2021-02-25 02:08:34,-45.8667,-67.5,80.6,28,0,16.11
494,San Pedro,PH,2021-02-25 02:12:46,14.35,121.0167,87.8,58,20,8.05
495,Shagonar,RU,2021-02-25 02:12:46,51.5333,92.8,7.02,91,100,5.32
496,Omboue,GA,2021-02-25 02:12:47,-1.5746,9.2618,78.94,82,89,4.23
497,Zyryanka,RU,2021-02-25 02:12:15,65.75,150.85,-24.09,81,21,2.01
498,La Ronge,CA,2021-02-25 02:12:47,55.1001,-105.2842,6.8,78,100,3.44
499,Xining,CN,2021-02-25 02:12:48,36.6167,101.7667,32.13,92,100,2.73
500,Biltine,TD,2021-02-25 02:12:48,14.5333,20.9167,65.46,24,54,19.13
501,Prince George,CA,2021-02-25 02:12:48,53.9166,-122.753,33.01,51,1,12.66
502,Bathsheba,BB,2021-02-25 02:12:49,13.2167,-59.5167,78.8,65,40,25.32
503,Chaohu,CN,2021-02-25 02:12:49,31.6,117.8667,46.99,93,90,8.95
504,Kastamonu,TR,2021-02-25 02:12:49,41.5,33.6667,31.08,96,100,0.74
505,Harboore,DK,2021-02-25 02:12:50,56.6175,8.1807,52.0,75,100,4.0
506,Namatanai,PG,2021-02-25 02:12:50,-3.6667,152.4333,83.75,73,88,9.4
507,Puerto Carreno,CO,2021-02-25 02:12:50,6.189,-67.4859,79.61,69,2,3.51
508,Touros,BR,2021-02-25 02:12:50,-5.1989,-35.4608,80.6,78,20,6.91
509,Sire,NG,2021-02-25 02:12:50,12.9299,5.2043,70.52,19,1,8.77
510,Dawlatabad,AF,2021-02-25 02:12:51,36.4141,64.9053,27.05,69,100,10.58
511,Salinopolis,BR,2021-02-25 02:12:51,-0.6136,-47.3561,78.1,89,97,10.74
512,Poopo,BO,2021-02-25 02:12:51,-18.3667,-66.9667,49.14,64,37,7.25
513,Fairlie,GB,2021-02-25 02:12:52,55.756,-4.8556,43.0,86,77,3.0
514,Charters Towers,AU,2021-02-25 02:11:42,-20.1,146.2667,87.58,45,0,10.69
515,Oranjestad,AW,2021-02-25 02:12:52,12.524,-70.027,78.8,83,20,19.57
516,Henties Bay,NA,2021-02-25 02:12:53,-22.116,14.2845,61.0,86,100,1.99
517,Srebrenica,BA,2021-02-25 02:12:53,44.1064,19.2969,35.6,75,0,1.14
518,Kaka,TM,2021-02-25 02:12:53,37.3482,59.6143,21.33,35,46,2.75
519,Itarantim,BR,2021-02-25 02:12:54,-15.6597,-40.0656,70.3,95,100,2.01
520,Teya,RU,2021-02-25 02:12:54,60.3778,92.6267,-18.31,90,77,6.17
521,Broome,US,2021-02-25 02:12:20,42.2506,-75.833,46.0,53,90,13.8
522,Sri Aman,MY,2021-02-25 02:12:54,1.2376,111.4621,78.8,89,20,3.44
523,Khorixas,NA,2021-02-25 02:12:55,-20.3667,14.9667,67.57,31,23,3.15
524,Kualakapuas,ID,2021-02-25 02:12:55,-3.0091,114.3876,84.2,79,0,4.61
525,Latung,PH,2021-02-25 02:12:56,5.5,120.8833,82.85,74,0,8.81
526,Soavinandriana,MG,2021-02-25 02:12:56,-19.1667,46.7333,57.43,100,17,3.74
527,Kawalu,ID,2021-02-25 02:12:56,-7.3817,108.2082,80.1,71,100,3.69
528,Magnolia,US,2021-02-25 02:10:17,33.2671,-93.2393,64.99,77,90,4.61
529,Estelle,US,2021-02-25 02:12:57,29.8458,-90.1067,68.0,94,1,3.44
530,Sao Jose Da Coroa Grande,BR,2021-02-25 02:12:57,-8.8978,-35.1478,78.28,82,28,5.99
531,Lasa,IT,2021-02-25 02:12:57,46.6166,10.7002,39.99,80,0,4.61
532,Noumea,NC,2021-02-25 02:11:25,-22.2763,166.4572,87.01,66,90,4.61
533,Nanortalik,GL,2021-02-25 02:12:58,60.1432,-45.2371,23.34,88,13,5.37
534,Opunake,NZ,2021-02-25 02:12:58,-39.4556,173.8583,73.99,62,100,5.99
535,Pavlodar,KZ,2021-02-25 02:12:58,52.3,76.95,-7.6,71,75,24.61
536,Maceio,BR,2021-02-25 02:08:07,-9.6658,-35.7353,75.2,88,20,3.44
537,Monticello,US,2021-02-25 02:09:14,45.3055,-93.7941,30.2,69,1,6.98
538,Tela,HN,2021-02-25 02:12:59,15.7833,-87.45,78.8,83,75,13.8
539,Fostoria,US,2021-02-25 02:12:59,41.157,-83.4169,37.0,82,100,14.0
540,Lydenburg,ZA,2021-02-25 02:13:00,-25.0978,30.4597,73.0,95,73,1.01
541,Syamzha,RU,2021-02-25 02:13:00,60.0158,41.0614,5.34,94,100,10.74
542,Bull Savanna,JM,2021-02-25 02:13:01,17.8868,-77.5902,73.11,85,67,7.49
543,Jalu,LY,2021-02-25 02:13:01,29.0331,21.5482,51.21,49,0,3.98
544,Erzin,TR,2021-02-25 02:13:01,36.9559,36.2,55.0,38,0,5.99
545,Dwarka,IN,2021-02-25 02:08:07,22.2394,68.9678,71.94,80,0,5.17
546,Roshal,RU,2021-02-25 02:13:02,55.6685,39.8749,8.42,95,100,9.73
547,Thunder Bay,CA,2021-02-25 02:13:03,48.4001,-89.3168,21.2,58,40,5.75
548,Ziway,ET,2021-02-25 02:13:03,7.9333,38.7167,64.09,49,0,9.42
549,Amapa,BR,2021-02-25 02:13:03,1.0,-52.0,72.97,99,100,2.37
550,Yanam,IN,2021-02-25 02:13:04,16.7333,82.2167,73.4,78,94,2.68
551,Rio Gallegos,AR,2021-02-25 02:13:04,-51.6226,-69.2181,51.8,58,20,16.11
552,Boguchany,RU,2021-02-25 02:13:05,58.3814,97.4531,-13.07,85,100,8.55
553,Barahona,DO,2021-02-25 02:13:05,18.2085,-71.1008,74.41,73,86,8.19
554,Ouesso,CG,2021-02-25 02:13:05,1.6136,16.0517,73.17,61,10,2.39
555,Valdivia,CL,2021-02-25 02:11:19,-39.8142,-73.2459,60.75,73,0,2.8
